Model,15mins,daily,weekly,monthly
DT,0.9888463348351477,0.9954943566754276,0.9950142720173658,0.9946842288837183
EN,0.9830337126522725,0.9914660271944793,0.9905411861330115,0.9906557925146124
KNN,0.9878724073607643,0.9952488079751628,0.9957797319387879,0.995961977529184
LGBM,0.993259353028385,0.9952452477352225,0.9942355948418742,0.9937572607586704
MLP,0.99613158479759,0.9986216336930487,0.9989094001902321,0.9989010065470437
XGB,0.993070030694781,0.9945951374325143,0.9933288994342556,0.9927976571979524
