Model,15mins,daily,weekly,monthly
EN,0.9889190153365295,0.9956970427945887,0.9951867568462032,0.9948392122445097
KNN,0.9828874364344072,0.9914691605803267,0.9905456243092526,0.9906503007035296
DT,0.9874981163968597,0.9950027815545622,0.995550785410848,0.9957671306285557
LGBM,0.9931952485944235,0.995190981939249,0.9941676286958686,0.9936866690206209
XGB,0.9932433446941472,0.994976349721069,0.993825087623767,0.9933232625744239
