Model,15mins,daily,weekly,monthly
EN,0.25764932814537217,5.626228503606791,34.808293954489415,148.65231648542002
KNN,0.32018234024500153,7.921906946563015,48.78432103544257,200.0840657495289
DT,0.273670233663296,6.063145919370492,33.46613150816453,134.62667356924888
LGBM,0.20190448647304915,5.947878073088104,38.31655182882493,164.41557706068787
XGB,0.20118968899527565,6.079159698583457,39.42568399400335,169.0813982536113
