Model,15mins,daily,weekly,monthly
DT,0.06886006470312492,0.27280360121542924,1.056872370828142,3.856886567603171
EN,0.07824416682353039,0.292012373933338,1.6329027603024389,6.857461202553833
KNN,0.08532223418530102,0.25927006084747034,0.9394107638850259,3.429296823826005
LGBM,0.06292026231214559,0.24338437304894944,0.7103650556990443,1.8647945610952772
MLP,0.07043679866926376,0.3404174437610694,1.7055246998041487,6.914584459372448
XGB,0.06277874153430793,0.23965987729954327,0.7252951897667671,2.064855111054079
